"No","UHH"
1,43.0033411472083
2,42.9774108217109
3,43.2448661628388
4,42.9774108217109
5,42.9774108217109
6,40.2757837859917
7,40.6665244358718
8,40.6665244358718
9,40.2757837859917
10,40.2757837859917
11,40.6665244358718
12,40.2757837859917
13,40.2757837859917
14,40.1510034088829
15,40.5417440587631
16,40.809199399891
17,42.225045053401
18,41.5668490623929
19,41.5668490623929
20,42.225045053401
21,42.225045053401
22,41.9575897122731
23,41.9575897122731
24,41.9575897122731
25,41.5668490623929
26,41.9575897122731
27,41.9575897122731
28,41.9575897122731
29,41.5668490623929
30,42.225045053401
31,41.5668490623929
32,41.5668490623929
33,41.5023103768465
34,41.2348550357186
35,41.5023103768465
36,41.627188825745
37,41.3597334846171
38,41.3597334846171
39,40.9689928347369
40,41.627188825745
41,40.9689928347369
42,41.3597334846171
43,41.627188825745
44,41.3597334846171
45,40.9689928347369
46,43.3782724078732
47,42.987531757993
48,40.8566775256337
49,43.6457277490011
50,43.6457277490011
51,43.6457277490011
52,42.987531757993
53,42.987531757993
54,40.4966333803162
55,40.8873740301964
56,39.4610694351387
57,40.4966333803162
58,40.8873740301964
59,40.4966333803162
60,43.4961145853797
61,42.6656525818349
62,42.6212949286234
63,43.4961145853797
64,43.1053739354995
65,43.4961145853797
66,43.1053739354995
67,42.6212949286234
68,42.8929661045217
69,43.4961145853797
70,43.1053739354995
71,43.4961145853797
72,43.2837067544019
73,43.1053739354995
74,41.7448772504509
75,41.3541366005707
76,41.7448772504509
77,41.3541366005707
78,41.3541366005707
79,41.7448772504509
80,41.3541366005707
81,41.3541366005707
82,43.2935998115285
83,42.0123325915788
84,42.8247988488399
85,42.0123325915788
86,41.7448772504509
87,41.7448772504509
88,41.7448772504509
89,42.0123325915788
90,42.0165484263492
91,41.7448772504509
92,41.3541366005707
93,41.7448772504509
94,41.7448772504509
95,42.0123325915788
96,41.7448772504509
97,41.3541366005707
98,41.7448772504509
99,41.7448772504509
100,41.3541366005707
101,41.3541366005707
102,42.0123325915788
103,41.7448772504509
104,41.7448772504509
105,39.9726224882993
106,41.7448772504509
107,41.3541366005707
108,41.7448772504509
109,42.0123325915788
110,41.7448772504509
111,41.8769192325993
112,41.3541366005707
113,41.8382156074468
114,41.3541366005707
115,41.7448772504509
116,41.3541366005707
117,41.3541366005707
118,41.7448772504509
119,41.7448772504509
120,41.3541366005707
121,41.3541366005707
122,41.3541366005707
123,42.7873227440603
124,42.3965820941801
125,43.0547780851882
126,42.7873227440603
127,42.3965820941801
128,43.0547780851882
129,42.7873227440603
130,42.7873227440603
131,42.7873227440603
132,42.7873227440603
133,42.7873227440603
134,43.0547780851882
135,42.7873227440603
136,42.7873227440603
137,42.7873227440603
138,42.7873227440603
139,42.3965820941801
140,43.0547780851882
141,43.0547780851882
142,42.3965820941801
143,43.0547780851882
144,42.3965820941801
145,43.0547780851882
146,42.3965820941801
147,43.0547780851882
148,42.7873227440603
149,43.0547780851882
150,42.7873227440603
151,43.0547780851882
152,42.7873227440603
153,43.0547780851882
154,42.7873227440603
155,43.0547780851882
156,42.3965820941801
157,43.0547780851882
158,42.3965820941801
159,42.7873227440603
160,42.7873227440603
161,42.3965820941801
162,42.3965820941801
163,43.0547780851882
164,42.7873227440603
165,42.3965820941801
166,43.0547780851882
167,44.5419792351392
168,44.5419792351392
169,44.151238585259
170,44.151238585259
171,44.151238585259
172,44.5419792351392
173,44.8094345762671
174,42.200458788403
175,41.8097181385228
176,41.8097181385228
177,42.200458788403
178,41.8097181385228
179,42.4679141295309
180,42.200458788403
181,41.8097181385228
182,42.200458788403
183,42.200458788403
184,41.8097181385228
185,42.200458788403
186,42.200458788403
187,41.8097181385228
188,42.4679141295309
189,42.200458788403
190,42.200458788403
191,42.4679141295309
192,42.200458788403
193,42.200458788403
194,41.8097181385228
195,42.4679141295309
196,42.200458788403
197,41.8097181385228
198,42.200458788403
199,42.4679141295309
200,44.2585636851725
201,42.200458788403
202,42.4679141295309
203,42.4679141295309
204,42.200458788403
205,42.200458788403
206,42.200458788403
207,41.8097181385228
208,42.200458788403
209,41.8097181385228
210,42.4679141295309
211,42.200458788403
212,42.4679141295309
213,42.200458788403
214,41.8097181385228
215,42.4679141295309
216,42.200458788403
217,42.200458788403
218,41.8097181385228
219,42.200458788403
220,41.6609044832066
221,41.8097181385228
222,41.8097181385228
223,42.4679141295309
224,39.8939877649636
225,39.8939877649636
226,40.2847284148438
227,39.8939877649636
228,39.8939877649636
229,40.1450992210939
230,40.1618708942616
231,40.2847284148438
232,39.8939877649636
233,39.8939877649636
234,39.8939877649636
235,39.8939877649636
236,45.5888236923407
237,45.3213683512128
238,45.5888236923407
239,45.5888236923407
240,45.3213683512128
241,45.5888236923407
242,44.9306277013326
243,44.9306277013326
244,45.5888236923407
245,42.5101903571643
246,42.7776456982922
247,42.5101903571643
248,42.5101903571643
249,43.0435835942115
250,43.3110389353394
251,41.4117247703389
252,41.4117247703389
253,41.6791801114668
254,41.4117247703389
255,43.6435772429116
256,40.2437607950938
257,39.9440927116673
258,40.2437607950938
259,40.5112161362217
260,40.2437607950938
261,40.5112161362217
262,40.2437607950938
263,40.2437607950938
264,39.3731541264596
265,39.6406094675875
266,39.3731541264596
267,39.3731541264596
268,39.6406094675875
269,39.3731541264596
270,39.6406094675875
271,39.322531133367
272,39.322531133367
273,39.322531133367
274,38.9317904834868
275,38.9317904834868
276,39.5899864744949
277,39.5899864744949
278,38.9317904834868
279,39.322531133367
280,38.9317904834868
281,39.5899864744949
282,39.322531133367
283,38.9317904834868
284,39.5899864744949
285,38.9317904834868
286,40.709506863806
287,42.1990520791232
288,42.1990520791232
289,39.9733078353964
290,42.4665074202512
291,43.0553833017425
292,43.0553833017425
293,43.0553833017425
294,43.0553833017425
295,43.3228386428704
296,43.0553833017425
297,43.0553833017425
298,43.3228386428704
299,42.6646426518623
300,43.3228386428704
301,43.3228386428704
302,43.3228386428704
303,41.5720079626142
304,41.5720079626142
305,41.1812673127341
306,41.5720079626142
307,41.5720079626142
308,42.0835299989575
309,42.3509853400854
310,42.0835299989575
311,42.3509853400854
312,42.3509853400854
313,42.3509853400854
314,41.6927893490773
315,42.3509853400854
316,41.6927893490773
317,42.3509853400854
318,42.0835299989575
319,40.5612591275362
320,41.0091129020257
321,40.7416575608978
322,41.0444065538294
323,33.8901479924251
324,33.8901479924251
325,33.8901479924251
326,33.8901479924251
327,34.4537415408827
328,33.8901479924251
329,33.499407342545
330,33.8901479924251
331,33.8901479924251
332,33.499407342545
333,33.499407342545
334,33.362314495034
335,33.7530551449141
336,33.362314495034
337,33.7530551449141
338,33.362314495034
339,33.362314495034
340,33.7530551449141
341,33.7530551449141
342,33.7530551449141
343,34.0205104860421
344,33.7530551449141
345,34.4522470699473
346,34.8429877198275
347,34.4522470699473
348,32.1413606841083
349,32.5321013339885
350,32.1413606841083
351,32.5321013339885
352,32.5321013339885
353,32.1413606841083
354,32.5321013339885
355,32.1413606841083
356,32.4073209568797
357,32.4073209568797
358,32.4073209568797
359,32.0165803069996
360,32.0165803069996
361,34.0906219515176
362,33.8231666103897
363,33.4324259605095
364,33.8231666103897
365,33.4324259605095
366,33.8231666103897
367,33.8231666103897
368,34.0906219515176
369,33.3678872749631
370,33.1004319338352
371,33.3678872749631
372,33.3678872749631
373,32.709691283955
374,33.2253103827337
375,33.2253103827337
376,32.8345697328535
377,33.2253103827337
378,32.8345697328535
379,33.2253103827337
380,33.2253103827337
381,33.4927657238616
382,33.2253103827337
383,33.2253103827337
384,34.8531086561096
385,35.2438493059898
386,35.5113046471177
387,32.752950928313
388,32.3622102784329
389,35.3616914834963
390,36.7425171287369
391,34.9709508336161
392,34.9709508336161
393,34.7585430026383
394,35.3616914834963
395,34.9709508336161
396,34.9709508336161
397,34.48687182674
398,35.3616914834963
399,34.9709508336161
400,34.7585430026383
401,33.6104541485675
402,33.2197134986873
403,33.8779094896954
404,33.6104541485675
405,33.2197134986873
406,33.6104541485675
407,33.6104541485675
408,33.6104541485675
409,33.2197134986873
410,33.8779094896954
411,33.2197134986873
412,33.6104541485675
413,33.2197134986873
414,33.8779094896954
415,33.6104541485675
416,33.8779094896954
417,33.2197134986873
418,33.3517554808358
419,33.6104541485675
420,33.2197134986873
421,33.2197134986873
422,33.6104541485675
423,33.6104541485675
424,33.2197134986873
425,33.2197134986873
426,33.2197134986873
427,34.0945331554436
428,33.6104541485675
429,33.2197134986873
430,33.2197134986873
431,34.6528996421769
432,34.9203549833049
433,34.9203549833049
434,34.6528996421769
435,34.2621589922968
436,34.9203549833049
437,34.6528996421769
438,34.6528996421769
439,34.6528996421769
440,34.9203549833049
441,34.6528996421769
442,35.8193521489812
443,34.6528996421769
444,34.9203549833049
445,34.9203549833049
446,34.2621589922968
447,34.6528996421769
448,34.2621589922968
449,34.6528996421769
450,34.6528996421769
451,34.6528996421769
452,34.9203549833049
453,34.2621589922968
454,34.9203549833049
455,36.4075561332558
456,36.0168154833756
457,36.6750114743837
458,34.9421488044154
459,34.0660356865196
460,34.0660356865196
461,34.3334910276475
462,34.0660356865196
463,34.3334910276475
464,34.3334910276475
465,34.0660356865196
466,34.0660356865196
467,34.0660356865196
468,33.6752950366394
469,34.3334910276475
470,34.0660356865196
471,34.0660356865196
472,33.6752950366394
473,33.6752950366394
474,34.3334910276475
475,34.0660356865196
476,34.0660356865196
477,34.0660356865196
478,33.6752950366394
479,34.0660356865196
480,34.0660356865196
481,33.6752950366394
482,34.0660356865196
483,34.3334910276475
484,34.0660356865196
485,33.6752950366394
486,33.6752950366394
487,34.0660356865196
488,34.0660356865196
489,34.0660356865196
490,33.6752950366394
491,33.6752950366394
492,34.3334910276475
493,34.3334910276475
494,31.7595646630802
495,31.7595646630802
496,31.7595646630802
497,31.7595646630802
498,32.1503053129604
499,31.7595646630802
500,31.7595646630802
501,32.1503053129604
502,31.7595646630802
503,37.4544005904574
504,37.1869452493294
505,36.7962045994493
506,34.3757672552809
507,34.3757672552809
508,34.942177418445
509,34.3757672552809
510,34.3757672552809
511,33.9850266054008
512,33.9850266054008
513,33.9850266054008
514,35.176615833456
515,34.5184198424479
516,35.176615833456
517,34.9091604923281
518,34.9091604923281
519,34.5184198424479
520,35.176615833456
521,33.2773016684555
522,33.2773016684555
523,32.8865610185753
524,33.2773016684555
525,33.2773016684555
526,33.2773016684555
527,32.8865610185753
528,33.2773016684555
529,32.1093376932104
530,32.1093376932104
531,32.1093376932104
532,31.2387310245762
533,30.847990374696
534,31.4555633726115
535,31.4555633726115
536,30.7973673816034
537,31.1881080314836
538,34.9209601998591
539,34.5302195499789
540,34.5302195499789
541,35.188415540987
542,34.9209601998591
543,35.188415540987
544,34.9209601998591
545,34.9209601998591
546,34.9209601998591
547,35.188415540987
548,33.4375848607309
549,33.4375848607309
550,33.4375848607309
551,33.4375848607309
552,35.8862536155068
553,36.1537089566347
554,33.4375848607309
555,33.4375848607309
556,33.7050402018588
557,33.9491068970741
558,33.9491068970741
559,33.5583662471939
560,33.9491068970741
561,33.9491068970741
562,33.9491068970741
563,33.5583662471939
564,33.5583662471939
565,33.5583662471939
566,34.216562238202
567,34.3547306611485
568,34.0872753200206
569,34.3547306611485
570,34.0872753200206
571,34.0872753200206
572,34.0872753200206
573,33.6965346701404
574,33.6965346701404
575,33.5405599701198
576,34.5797331406005
577,34.8471884817284
578,34.1889924907203
579,32.4268360256528
580,32.4268360256528
581,32.4268360256528
582,32.4268360256528
583,32.8746898001424
584,32.6072344590144
585,32.6072344590144
586,32.8746898001424
587,32.6425281108181
588,32.6425281108181
589,33.9327913236003
590,33.9327913236003
591,34.2002466647283
592,43.3176815156997
593,42.9269408658196
594,43.3176815156997
595,43.3176815156997
596,43.3176815156997
597,43.3176815156997
598,43.1805886681887
599,43.1805886681887
600,42.7898480183086
601,42.7898480183086
602,43.1805886681887
603,42.7898480183086
604,42.7898480183086
605,43.1805886681887
606,43.1805886681887
607,42.7898480183086
608,43.4473552760107
609,43.1805886681887
610,42.7898480183086
611,42.7898480183086
612,43.1805886681887
613,43.1805886681887
614,44.2705212431021
615,43.8797805932219
616,44.2705212431021
617,43.8797805932219
618,44.2705212431021
619,44.2705212431021
620,44.2705212431021
621,44.2705212431021
622,44.2705212431021
623,41.9596348572631
624,41.5688942073829
625,41.9596348572631
626,41.9596348572631
627,41.9596348572631
628,43.3651822477418
629,41.8348544801543
630,41.8348544801543
631,41.4441138302742
632,43.5181554747922
633,43.2507001336643
634,43.2507001336643
635,42.8599594837841
636,43.2507001336643
637,42.8599594837841
638,43.2507001336643
639,42.7954207982377
640,42.5279654571098
641,42.5279654571098
642,42.6528439060083
643,42.2621032561281
644,42.2621032561281
645,42.6528439060083
646,42.2621032561281
647,42.6528439060083
648,42.2621032561281
649,42.2621032561281
650,44.6713828292644
651,40.6782305329861
652,44.2806421793842
653,44.2806421793842
654,44.6713828292644
655,44.2806421793842
656,44.9388381703923
657,44.2806421793842
658,41.7897438017075
659,44.7892250067709
660,44.7892250067709
661,44.7892250067709
662,44.7892250067709
663,44.7892250067709
664,44.3984843568907
665,43.0379876718421
666,42.6472470219619
667,42.6472470219619
668,43.30544301297
669,43.0379876718421
670,42.6472470219619
671,43.0379876718421
672,43.0379876718421
673,43.0379876718421
674,43.30544301297
675,43.0379876718421
676,43.0379876718421
677,43.0379876718421
678,43.0379876718421
679,43.0379876718421
680,43.0379876718421
681,43.0379876718421
682,43.0379876718421
683,43.0379876718421
684,43.0379876718421
685,43.0379876718421
686,42.6472470219619
687,43.0379876718421
688,43.0379876718421
689,43.0379876718421
690,42.6472470219619
691,44.0804331654515
692,44.0804331654515
693,44.3478885065795
694,44.0804331654515
695,44.0804331654515
696,43.6896925155714
697,44.3478885065795
698,44.0804331654515
699,44.0804331654515
700,44.0804331654515
701,43.6896925155714
702,43.6896925155714
703,43.6896925155714
704,44.0804331654515
705,44.3478885065795
706,44.0804331654515
707,43.6896925155714
708,44.0804331654515
709,43.6896925155714
710,44.3478885065795
711,43.6896925155714
712,43.6896925155714
713,44.3478885065795
714,44.3478885065795
715,43.6896925155714
716,44.3478885065795
717,44.0804331654515
718,43.6896925155714
719,44.3478885065795
720,44.0804331654515
721,43.6896925155714
722,44.0804331654515
723,45.8132958354198
724,44.0804331654515
725,43.6896925155714
726,43.6896925155714
727,44.3478885065795
728,44.0804331654515
729,43.6896925155714
730,45.8350896565304
731,45.8350896565304
732,46.1025449976583
733,43.4935692097942
734,43.4935692097942
735,43.4935692097942
736,43.102828559914
737,43.7610245509221
738,43.4935692097942
739,43.102828559914
740,43.4935692097942
741,43.4935692097942
742,43.7610245509221
743,43.102828559914
744,43.4935692097942
745,43.4935692097942
746,43.7610245509221
747,43.7610245509221
748,43.4935692097942
749,43.7610245509221
750,43.4935692097942
751,43.4935692097942
752,43.4935692097942
753,43.102828559914
754,43.7610245509221
755,43.4935692097942
756,43.102828559914
757,43.4935692097942
758,43.4935692097942
759,43.102828559914
760,43.4935692097942
761,43.7610245509221
762,43.8288345613541
763,43.4935692097942
764,43.7610245509221
765,43.4935692097942
766,43.7610245509221
767,43.4935692097942
768,43.4935692097942
769,43.4935692097942
770,43.102828559914
771,43.4935692097942
772,43.4935692097942
773,43.4935692097942
774,43.102828559914
775,43.7610245509221
776,43.7610245509221
777,41.577838836235
778,41.577838836235
779,41.577838836235
780,41.577838836235
781,41.577838836235
782,41.1870981863548
783,41.1870981863548
784,40.9154270104565
785,41.1870981863548
786,41.577838836235
787,46.614478772604
788,46.881934113732
789,46.614478772604
790,43.8033007785555
791,43.8033007785555
792,43.4125601286754
793,43.8033007785555
794,44.3366940156027
795,44.3366940156027
796,44.6041493567306
797,42.3140945418499
798,42.3140945418499
799,42.7048351917301
800,42.7048351917301
801,42.3140945418499
802,42.972290532858
803,42.3140945418499
804,41.536871216485
805,41.8043265576129
806,41.536871216485
807,41.5046584741865
808,41.536871216485
809,41.1461305666048
810,40.6662645478508
811,40.6662645478508
812,40.6662645478508
813,40.6662645478508
814,40.6662645478508
815,40.6156415547582
816,40.6156415547582
817,40.6156415547582
818,40.224900904878
819,43.7596178416424
820,44.3484937231337
821,44.3484937231337
822,43.9577530732535
823,42.8651183840055
824,43.6440957614766
825,43.3766404203487
826,43.3766404203487
827,43.3766404203487
828,43.3766404203487
829,43.3766404203487
830,43.3766404203487
831,43.3766404203487
832,43.3766404203487
833,43.3766404203487
834,43.5148088432951
835,43.5148088432951
836,43.5148088432951
837,43.2355488345223
838,42.9680934933944
839,41.8543695489274
840,42.034767982289
841,42.302223323417
842,42.0700616340927
843,42.9695841969948
844,43.6277801880029
845,48.0764771421512
846,39.6414236997761
847,39.6414236997761
848,39.1135902023849
849,39.5043308522651
850,39.5043308522651
851,39.1135902023849
852,39.5043308522651
853,39.1135902023849
854,39.5043308522651
855,39.5043308522651
856,39.5043308522651
857,39.1135902023849
858,39.5043308522651
859,39.5043308522651
860,39.5043308522651
861,39.771786193393
862,39.5043308522651
863,39.1135902023849
864,39.5043308522651
865,39.5043308522651
866,39.8436170209919
867,40.5942634271784
868,40.6201937526759
869,40.2035227772983
870,40.2035227772983
871,40.5942634271784
872,40.5942634271784
873,40.5942634271784
874,38.2833770413394
875,38.2833770413394
876,38.2833770413394
877,38.2833770413394
878,37.8926363914592
879,38.5508323824673
880,37.8926363914592
881,38.2833770413394
882,37.8926363914592
883,38.1585966642307
884,38.1585966642307
885,37.7678560143505
886,38.1585966642307
887,37.7678560143505
888,38.1585966642307
889,37.7678560143505
890,38.1585966642307
891,37.7678560143505
892,39.8418976588685
893,39.5744423177406
894,39.8418976588685
895,39.5744423177406
896,39.5744423177406
897,39.5744423177406
898,39.8418976588685
899,39.5744423177406
900,39.1837016678604
901,39.1837016678604
902,39.8418976588685
903,39.1837016678604
904,39.119162982314
905,39.119162982314
906,38.8517076411861
907,38.4609669913059
908,38.8517076411861
909,38.9765860900846
910,39.2440414312125
911,38.9765860900846
912,38.9765860900846
913,38.9765860900846
914,38.5858454402044
915,38.9765860900846
916,38.9765860900846
917,38.9765860900846
918,38.9765860900846
919,38.9765860900846
920,38.5858454402044
921,40.6043843634605
922,40.9951250133407
923,38.8642707809814
924,40.9951250133407
925,41.2625803544686
926,40.9951250133407
927,40.6043843634605
928,38.1134859857838
929,38.1134859857838
930,38.1134859857838
931,41.1129671908472
932,40.7222265409671
933,41.1129671908472
934,40.7222265409671
935,40.7222265409671
936,41.1129671908472
937,40.7222265409671
938,40.5098187099892
939,41.1129671908472
940,40.7222265409671
941,39.3617298559184
942,38.9709892060382
943,38.9709892060382
944,38.9709892060382
945,39.3617298559184
946,39.3617298559184
947,38.9709892060382
948,38.9709892060382
949,39.6291851970463
950,39.3617298559184
951,39.3617298559184
952,38.9709892060382
953,38.9709892060382
954,39.3617298559184
955,38.9709892060382
956,39.6291851970463
957,39.3617298559184
958,39.3617298559184
959,39.3617298559184
960,39.6291851970463
961,39.3617298559184
962,39.6291851970463
963,38.9709892060382
964,39.6291851970463
965,39.3617298559184
966,38.9709892060382
967,39.3617298559184
968,38.9709892060382
969,38.9709892060382
970,39.3617298559184
971,38.9709892060382
972,39.3617298559184
973,39.3617298559184
974,39.3617298559184
975,38.9709892060382
976,39.6291851970463
977,39.3617298559184
978,39.5105435112346
979,38.9709892060382
980,39.4550682129144
981,38.9709892060382
982,39.3617298559184
983,38.9709892060382
984,38.9709892060382
985,38.9709892060382
986,40.4041753495279
987,40.0134346996477
988,40.6716306906558
989,40.4041753495279
990,40.6716306906558
991,40.4041753495279
992,40.4041753495279
993,40.4041753495279
994,40.0134346996477
995,40.4041753495279
996,40.4041753495279
997,40.0134346996477
998,40.6716306906558
999,40.6716306906558
1000,40.0134346996477
1001,40.6716306906558
1002,40.0134346996477
1003,40.6716306906558
1004,40.2721333673794
1005,40.4041753495279
1006,40.4041753495279
1007,40.0134346996477
1008,40.4041753495279
1009,40.0134346996477
1010,40.6716306906558
1011,40.4041753495279
1012,40.0134346996477
1013,40.6716306906558
1014,40.6716306906558
1015,40.6716306906558
1016,40.4041753495279
1017,40.6716306906558
1018,40.0134346996477
1019,40.6716306906558
1020,40.6716306906558
1021,40.4041753495279
1022,40.0134346996477
1023,40.6716306906558
1024,40.4041753495279
1025,40.6716306906558
1026,40.4041753495279
1027,40.6716306906558
1028,40.6716306906558
1029,40.6716306906558
1030,40.4041753495279
1031,40.6716306906558
1032,40.4041753495279
1033,39.8813927174992
1034,40.6716306906558
1035,40.6716306906558
1036,40.6716306906558
1037,40.4041753495279
1038,40.4041753495279
1039,40.0134346996477
1040,40.6716306906558
1041,40.4041753495279
1042,40.6716306906558
1043,42.1588318406067
1044,41.7680911907265
1045,42.4262871817346
1046,42.1588318406067
1047,42.4262871817346
1048,39.8173113938705
1049,39.4265707439903
1050,39.8173113938705
1051,39.8173113938705
1052,39.4265707439903
1053,39.8173113938705
1054,39.8173113938705
1055,40.0847667349984
1056,39.8173113938705
1057,39.8173113938705
1058,39.4265707439903
1059,39.8173113938705
1060,39.8173113938705
1061,40.0847667349984
1062,39.8173113938705
1063,40.0847667349984
1064,39.8173113938705
1065,39.4265707439903
1066,39.4265707439903
1067,40.0847667349984
1068,39.8173113938705
1069,39.4265707439903
1070,40.0847667349984
1071,39.8173113938705
1072,39.4265707439903
1073,39.4265707439903
1074,39.4265707439903
1075,39.8173113938705
1076,39.8173113938705
1077,39.4265707439903
1078,39.4265707439903
1079,40.0847667349984
1080,39.8173113938705
1081,39.8173113938705
1082,39.4265707439903
1083,39.6684977385544
1084,39.8173113938705
1085,39.4265707439903
1086,40.0847667349984
1087,39.8173113938705
1088,40.0847667349984
1089,39.8173113938705
1090,39.4265707439903
1091,39.8173113938705
1092,39.4097990708226
1093,39.8173113938705
1094,39.8173113938705
1095,39.8173113938705
1096,39.4265707439903
1097,40.0847667349984
1098,39.8173113938705
1099,39.4265707439903
1100,40.0847667349984
1101,40.0847667349984
1102,40.0847667349984
1103,39.8173113938705
1104,39.4265707439903
1105,39.4265707439903
1106,39.4265707439903
1107,39.8173113938705
1108,39.4265707439903
1109,39.4265707439903
1110,39.4265707439903
1111,40.0847667349984
1112,37.9015810203113
1113,37.5108403704312
1114,37.9015810203113
1115,37.9015810203113
1116,37.5108403704312
1117,37.5108403704312
1118,37.5108403704312
1119,37.9015810203113
1120,37.5108403704312
1121,37.9015810203113
1122,37.5108403704312
1123,37.9015810203113
1124,37.5108403704312
1125,37.5108403704312
1126,42.9382209566804
1127,43.2056762978083
1128,43.2056762978083
1129,42.9382209566804
1130,43.2056762978083
1131,42.9382209566804
1132,42.5474803068002
1133,43.2056762978083
1134,40.1270429626319
1135,40.3944983037598
1136,40.1270429626319
1137,40.3944983037598
1138,40.1270429626319
1139,40.9278915408069
1140,40.2696955497988
1141,39.0285773758064
1142,39.0285773758064
1143,39.0285773758064
1144,39.0285773758064
1145,39.0285773758064
1146,39.0285773758064
1147,39.2960327169344
1148,39.0285773758064
1149,39.2960327169344
1150,39.0285773758064
1151,39.2960327169344
1152,37.8606134005613
1153,37.1702046672547
1154,37.8606134005613
1155,38.1280687416892
1156,37.5609453171349
1157,37.3060697269825
1158,38.1280687416892
1159,37.8606134005613
1160,37.8606134005613
1161,37.4698727506811
1162,36.9900067319271
1163,37.2574620730551
1164,36.599266082047
1165,36.9900067319271
1166,36.599266082047
1167,37.2574620730551
1168,36.9900067319271
1169,36.9900067319271
1170,36.9900067319271
1171,37.2574620730551
1172,37.2068390799624
1173,36.9393837388345
1174,36.9393837388345
1175,36.5486430889543
1176,36.5486430889543
1177,36.9393837388345
1178,36.5486430889543
1179,37.2068390799624
1180,36.9393837388345
1181,36.5486430889543
1182,38.5776388480266
1183,39.8159046845908
1184,37.4974581467595
1185,40.67223590721
1186,40.9396912483379
1187,40.67223590721
1188,40.67223590721
1189,40.9396912483379
1190,40.67223590721
1191,40.9396912483379
1192,40.2814952573298
1193,40.9396912483379
1194,40.67223590721
1195,40.9396912483379
1196,40.9396912483379
1197,39.1888605680818
1198,39.1888605680818
1199,39.1888605680818
1200,38.7981199182016
1201,39.1888605680818
1202,39.4563159092097
1203,39.1888605680818
1204,39.967837945553
1205,40.9293769610083
1206,39.7003826044251
1207,39.3096419545449
1208,39.7003826044251
1209,39.7003826044251
1210,39.3096419545449
1211,39.7003826044251
1212,39.7003826044251
1213,39.967837945553
1214,39.7003826044251
1215,39.7003826044251
1216,39.967837945553
1217,39.7003826044251
1218,39.3096419545449
1219,40.1060063684994
1220,39.8385510273715
1221,39.8385510273715
1222,33.7728642872264
1223,39.8385510273715
1224,39.8385510273715
1225,37.7873710831235
1226,38.4455670741316
1227,38.3585101663654
1228,38.3585101663654
1229,38.6259655074933
1230,38.3585101663654
1231,38.0030631682888
1232,38.6612591592969
1233,39.6840670309513
1234,39.6840670309513
1235,39.2933263810711
1236,39.9515223720792
1237,31.5070005978927
1238,31.5070005978927
1239,31.5070005978927
1240,31.3699077503817
1241,31.3699077503817
1242,30.9791671005015
1243,30.9791671005015
1244,31.6373630915096
1245,31.3699077503817
1246,30.9791671005015
1247,30.9791671005015
1248,30.9791671005015
1249,31.3699077503817
1250,30.9791671005015
1251,31.3650031823053
1252,31.3699077503817
1253,30.9791671005015
1254,32.4598403252951
1255,32.4598403252951
1256,30.148953939456
1257,30.148953939456
1258,29.7582132895758
1259,29.7582132895758
1260,29.7582132895758
1261,29.7582132895758
1262,30.148953939456
1263,29.7582132895758
1264,30.4164092805839
1265,29.7582132895758
1266,29.7582132895758
1267,29.7582132895758
1268,30.2916289034752
1269,30.0241735623473
1270,29.6334329124671
1271,30.0241735623473
1272,29.6334329124671
1273,31.4400192158572
1274,31.0492785659771
1275,31.0492785659771
1276,31.0492785659771
1277,30.7172845393027
1278,30.7172845393027
1279,30.9847398804307
1280,30.7172845393027
1281,30.8421629882012
1282,30.451422338321
1283,30.8421629882012
1284,30.451422338321
1285,30.451422338321
1286,30.451422338321
1287,28.0413963733906
1288,31.1096183293291
1289,32.4699612615771
1290,32.8607019114573
1291,30.3698035337806
1292,32.9785440889639
1293,32.9785440889639
1294,32.5878034390837
1295,32.5878034390837
1296,31.4078498735612
1297,32.3753956081059
1298,34.0431876431654
1299,30.8365661041549
1300,31.494762095163
1301,31.227306754035
1302,30.8365661041549
1303,30.8365661041549
1304,30.8365661041549
1305,31.227306754035
1306,30.8365661041549
1307,30.8365661041549
1308,30.8365661041549
1309,30.8365661041549
1310,30.8365661041549
1311,31.227306754035
1312,30.8365661041549
1313,30.8365661041549
1314,30.8365661041549
1315,32.2697522476445
1316,32.5372075887724
1317,32.2697522476445
1318,32.5372075887724
1319,32.2697522476445
1320,31.8790115977643
1321,32.5372075887724
1322,32.2697522476445
1323,32.5372075887724
1324,32.5372075887724
1325,31.8790115977643
1326,32.5372075887724
1327,31.8790115977643
1328,32.2697522476445
1329,31.8790115977643
1330,32.5372075887724
1331,31.8790115977643
1332,31.8790115977643
1333,32.2697522476445
1334,32.2697522476445
1335,32.5372075887724
1336,32.5372075887724
1337,32.5372075887724
1338,32.2697522476445
1339,31.8790115977643
1340,34.2918640798513
1341,34.0244087387233
1342,31.6828882919871
1343,31.292147642107
1344,31.292147642107
1345,31.6828882919871
1346,31.292147642107
1347,31.6828882919871
1348,31.292147642107
1349,31.6828882919871
1350,31.292147642107
1351,31.9503436331151
1352,31.6828882919871
1353,31.292147642107
1354,31.6828882919871
1355,31.6828882919871
1356,31.292147642107
1357,31.6828882919871
1358,31.292147642107
1359,31.6828882919871
1360,31.292147642107
1361,31.292147642107
1362,31.9503436331151
1363,31.6828882919871
1364,31.6828882919871
1365,31.6828882919871
1366,31.6828882919871
1367,31.292147642107
1368,31.9503436331151
1369,31.6828882919871
1370,31.6828882919871
1371,31.292147642107
1372,31.6828882919871
1373,31.292147642107
1374,31.292147642107
1375,31.292147642107
1376,31.9503436331151
1377,31.6828882919871
1378,29.3764172685478
1379,29.3764172685478
1380,29.3764172685478
1381,29.767157918428
1382,29.3764172685478
1383,29.3764172685478
1384,29.3764172685478
1385,29.3764172685478
1386,29.3764172685478
1387,34.803797854797
1388,34.4130572049168
1389,34.4130572049168
1390,31.9926198607485
1391,31.6018792108683
1392,32.2600752018764
1393,32.7934684389236
1394,30.8941542739231
1395,30.8941542739231
1396,31.161609615051
1397,29.7261902986779
1398,29.7261902986779
1399,29.1230389711717
1400,29.1230389711717
1401,28.4648429801636
1402,28.4648429801636
1403,28.414219987071
1404,28.8049606369511
1405,28.414219987071
1406,28.414219987071
1407,28.414219987071
1408,31.6814815827074
1409,31.6814815827074
1410,32.1470721554465
1411,30.6636968163182
1412,31.0544374661984
1413,31.0544374661984
1414,31.5659595025417
1415,31.5659595025417
1416,31.5659595025417
1417,31.8334148436696
1418,30.2552125378953
1419,31.3331753430343
1420,30.9424346931541
1421,31.5659595025417
1422,31.1752188526615
1423,31.5659595025417
1424,31.7041279254881
1425,31.971583266616
1426,31.971583266616
1427,31.7041279254881
1428,30.0436886311203
1429,30.0436886311203
1430,30.224087064482
1431,30.4915424056099
1432,30.224087064482
1433,29.8686400664054
1434,30.5268360574135
1435,31.8235337774553
1436,41.3451728741135
1437,40.9544322242333
1438,40.8173393767223
1439,41.0654790302558
1440,40.6747383803757
1441,41.1303199183277
1442,41.1303199183277
1443,41.5210605682079
1444,41.5210605682079
1445,38.6937559062645
1446,37.1028835536552
1447,37.1028835536552
1448,37.1028835536552
1449,37.1028835536552
1450,37.1028835536552
1451,37.3703388947831
1452,37.1028835536552
1453,37.1028835536552
1454,37.1028835536552
1455,37.1028835536552
1456,37.1028835536552
1457,37.1028835536552
1458,37.1028835536552
1459,37.1028835536552
1460,37.1028835536552
1461,37.1028835536552
1462,36.9657907061442
1463,36.9657907061442
1464,36.9657907061442
1465,36.9657907061442
1466,36.9657907061442
1467,36.9657907061442
1468,36.9657907061442
1469,36.9657907061442
1470,37.3959844411596
1471,36.9657907061442
1472,36.9657907061442
1473,36.9657907061442
1474,36.575050056264
1475,36.9657907061442
1476,36.9657907061442
1477,36.9657907061442
1478,36.9657907061442
1479,36.9657907061442
1480,36.9657907061442
1481,36.9657907061442
1482,36.9657907061442
1483,38.0557232810576
1484,38.0557232810576
1485,38.0557232810576
1486,38.0557232810576
1487,38.0557232810576
1488,38.0557232810576
1489,38.0557232810576
1490,38.0557232810576
1491,38.0557232810576
1492,38.0557232810576
1493,35.7448368952185
1494,35.3540962453383
1495,36.0122922363464
1496,35.7448368952185
1497,35.7448368952185
1498,35.3540962453383
1499,35.7448368952185
1500,35.7448368952185
1501,35.3540962453383
1502,35.7448368952185
1503,35.3540962453383
1504,35.7448368952185
1505,35.7448368952185
1506,35.7448368952185
1507,35.9420042576375
1508,35.6200565181098
1509,35.6200565181098
1510,35.6200565181098
1511,35.6200565181098
1512,35.6200565181098
1513,37.0359021716197
1514,37.0359021716197
1515,37.0359021716197
1516,37.3033575127477
1517,37.0359021716197
1518,37.0359021716197
1519,37.0359021716197
1520,37.0359021716197
1521,39.4287886307832
1522,37.0359021716197
1523,36.3131674950652
1524,36.3131674950652
1525,35.9224268451851
1526,35.9224268451851
1527,36.4380459439637
1528,36.4380459439637
1529,36.7055012850916
1530,36.4380459439637
1531,36.4380459439637
1532,36.4380459439637
1533,36.0473052940835
1534,36.4380459439637
1535,36.4380459439637
1536,36.0473052940835
1537,36.4380459439637
1538,36.4380459439637
1539,35.9656864895431
1540,35.9656864895431
1541,35.5749458396629
1542,35.9656864895431
1543,38.5744270447263
1544,38.5744270447263
1545,38.5744270447263
1546,38.5744270447263
1547,38.5744270447263
1548,36.8231897097975
1549,36.8231897097975
1550,36.8231897097975
1551,36.8231897097975
1552,36.8231897097975
1553,36.8231897097975
1554,36.8231897097975
1555,36.4324490599174
1556,36.8231897097975
1557,36.8231897097975
1558,36.8231897097975
1559,37.3072687166737
1560,36.8231897097975
1561,36.4324490599174
1562,36.8231897097975
1563,36.4324490599174
1564,36.4324490599174
1565,36.8231897097975
1566,36.8231897097975
1567,36.8231897097975
1568,36.8231897097975
1569,36.8231897097975
1570,37.865635203407
1571,37.865635203407
1572,37.865635203407
1573,37.865635203407
1574,37.4748945535268
1575,38.1330905445349
1576,37.865635203407
1577,37.865635203407
1578,37.865635203407
1579,37.865635203407
1580,37.865635203407
1581,37.865635203407
1582,38.1330905445349
1583,37.865635203407
1584,37.4748945535268
1585,37.865635203407
1586,37.4748945535268
1587,37.865635203407
1588,37.865635203407
1589,38.1330905445349
1590,37.865635203407
1591,37.4748945535268
1592,37.865635203407
1593,38.1330905445349
1594,37.865635203407
1595,37.865635203407
1596,38.1330905445349
1597,37.865635203407
1598,37.865635203407
1599,37.865635203407
1600,38.1330905445349
1601,37.865635203407
1602,37.865635203407
1603,37.865635203407
1604,38.1330905445349
1605,37.865635203407
1606,37.865635203407
1607,37.865635203407
1608,38.1330905445349
1609,37.865635203407
1610,38.1330905445349
1611,39.6202916944858
1612,39.6202916944858
1613,39.6202916944858
1614,39.6202916944858
1615,37.2787712477496
1616,37.2787712477496
1617,37.2787712477496
1618,37.2787712477496
1619,37.2787712477496
1620,36.8880305978694
1621,37.5462265888775
1622,37.2787712477496
1623,37.5462265888775
1624,37.2787712477496
1625,37.2787712477496
1626,37.2787712477496
1627,37.2787712477496
1628,37.2787712477496
1629,37.2787712477496
1630,37.2787712477496
1631,36.8880305978694
1632,37.2787712477496
1633,37.2787712477496
1634,36.8880305978694
1635,37.2787712477496
1636,37.2787712477496
1637,36.8880305978694
1638,37.2787712477496
1639,37.2787712477496
1640,37.2787712477496
1641,37.2787712477496
1642,37.2787712477496
1643,37.2787712477496
1644,37.2787712477496
1645,36.8880305978694
1646,37.2787712477496
1647,37.2787712477496
1648,37.2787712477496
1649,37.2787712477496
1650,35.3630408741905
1651,34.9723002243103
1652,35.3630408741905
1653,34.9723002243103
1654,35.3630408741905
1655,40.3996808105595
1656,40.3996808105595
1657,40.3996808105595
1658,40.3996808105595
1659,37.588502816511
1660,37.588502816511
1661,37.588502816511
1662,37.588502816511
1663,37.588502816511
1664,37.588502816511
1665,37.588502816511
1666,38.1218960535581
1667,38.1218960535581
1668,37.731155403678
1669,36.4900372296856
1670,36.4900372296856
1671,36.4900372296856
1672,36.4900372296856
1673,36.4900372296856
1674,36.4900372296856
1675,36.4900372296856
1676,35.3220732544404
1677,35.3220732544404
1678,35.3220732544404
1679,35.3220732544404
1680,35.3220732544404
1681,34.4514665858063
1682,34.4514665858063
1683,34.4514665858063
1684,34.4008435927136
1685,34.4008435927136
1686,34.4008435927136
1687,34.4008435927136
1688,34.4008435927136
1689,37.2773645384699
1690,38.1336957610891
1691,38.401151102217
1692,38.401151102217
1693,38.1336957610891
1694,38.401151102217
1695,36.6503204219609
1696,36.6503204219609
1697,36.6503204219609
1698,36.6503204219609
1699,36.2595797720807
1700,36.6503204219609
1701,37.1618424583042
1702,37.4292977994321
1703,37.1618424583042
1704,37.1618424583042
1705,37.1618424583042
1706,37.1618424583042
1707,37.1618424583042
1708,37.1618424583042
1709,36.771101808424
1710,37.4292977994321
1711,37.1618424583042
1712,37.1618424583042
1713,37.1618424583042
1714,37.3000108812506
1715,37.5674662223785
1716,37.3000108812506
1717,37.3000108812506
1718,37.3000108812506
1719,36.7532955313498
1720,36.7532955313498
1721,37.7924687018306
1722,35.6395715868828
1723,35.8199700202445
1724,35.8199700202445
1725,35.8199700202445
1726,35.8552636720481
1727,35.8552636720481
1728,37.1455268848304
1729,37.1455268848304
1730,37.1455268848304
1731,36.9624460883713
1732,36.6949907472434
1733,36.6949907472434
1734,36.6949907472434
1735,36.6949907472434
1736,36.6949907472434
1737,36.3042500973632
1738,36.6949907472434
1739,36.6949907472434
1740,36.6949907472434
1741,36.3042500973632
1742,36.9624460883713
1743,36.6949907472434
1744,36.6949907472434
1745,36.6949907472434
1746,36.9624460883713
1747,36.6949907472434
1748,36.3042500973632
1749,36.6949907472434
1750,36.6949907472434
1751,36.6949907472434
1752,36.3042500973632
1753,36.6949907472434
1754,36.6949907472434
1755,36.3042500973632
1756,36.6949907472434
1757,36.6949907472434
1758,36.6949907472434
1759,36.3042500973632
1760,36.5578978997324
1761,36.5578978997324
1762,36.5578978997324
1763,36.5578978997324
1764,36.5578978997324
1765,36.5578978997324
1766,36.5578978997324
1767,36.5578978997324
1768,36.5578978997324
1769,36.5578978997324
1770,37.6478304746458
1771,37.6478304746458
1772,37.6478304746458
1773,35.3369440888067
1774,35.3369440888067
1775,35.3369440888067
1776,35.212163711698
1777,35.212163711698
1778,35.212163711698
1779,35.212163711698
1780,35.938908954203
1781,36.628009365208
1782,36.628009365208
1783,36.628009365208
1784,35.9052746886535
1785,35.5145340387733
1786,35.9052746886535
1787,36.0301531375519
1788,36.0301531375519
1789,37.6579514109279
1790,38.048692060808
1791,38.048692060808
1792,38.048692060808
1793,35.5577936831313
1794,35.5577936831313
1795,38.1665342383146
1796,38.1665342383146
1797,38.1665342383146
1798,38.1665342383146
1799,37.7757935884344
1800,38.1665342383146
1801,38.1665342383146
1802,38.1665342383146
1803,38.1665342383146
1804,37.7757935884344
1805,38.1665342383146
1806,38.1665342383146
1807,37.7757935884344
1808,38.1665342383146
1809,38.1665342383146
1810,38.1665342383146
1811,36.4152969033858
1812,36.4152969033858
1813,36.4152969033858
1814,36.4152969033858
1815,36.6827522445137
1816,36.4152969033858
1817,36.4152969033858
1818,36.4152969033858
1819,36.4152969033858
1820,36.0245562535056
1821,36.4152969033858
1822,36.0245562535056
1823,36.4152969033858
1824,36.4152969033858
1825,37.4577423969952
1826,37.4577423969952
1827,37.4577423969952
1828,37.4577423969952
1829,37.4577423969952
1830,37.067001747115
1831,37.4577423969952
1832,37.4577423969952
1833,37.4577423969952
1834,37.4577423969952
1835,37.4577423969952
1836,37.4577423969952
1837,37.4577423969952
1838,37.4577423969952
1839,37.4577423969952
1840,37.067001747115
1841,37.7251977381231
1842,37.4577423969952
1843,37.7251977381231
1844,39.212398888074
1845,39.479854229202
1846,39.212398888074
1847,39.212398888074
1848,36.8708784413378
1849,36.8708784413378
1850,36.8708784413378
1851,36.8708784413378
1852,36.4801377914577
1853,36.8708784413378
1854,36.8708784413378
1855,36.8708784413378
1856,36.8708784413378
1857,36.8708784413378
1858,36.8708784413378
1859,36.8708784413378
1860,36.8708784413378
1861,36.8708784413378
1862,36.4801377914577
1863,37.1383337824658
1864,36.8708784413378
1865,36.8708784413378
1866,36.8708784413378
1867,36.8708784413378
1868,36.8708784413378
1869,34.9551480677787
1870,34.9551480677787
1871,34.9551480677787
1872,39.9917880041477
1873,39.9917880041477
1874,39.9917880041477
1875,39.6010473542675
1876,39.9917880041477
1877,39.9917880041477
1878,39.9917880041477
1879,37.1806100100992
1880,37.1806100100992
1881,37.7140032471464
1882,36.0821444232738
1883,36.3495997644017
1884,36.0821444232738
1885,36.0821444232738
1886,36.0821444232738
1887,35.6914037733936
1888,34.9141804480287
1889,34.9141804480287
1890,34.3596367744498
1891,34.3596367744498
1892,34.9141804480287
1893,34.9141804480287
1894,34.9141804480287
1895,34.0435737793945
1896,34.0435737793945
1897,34.0435737793945
1898,34.0435737793945
1899,34.0435737793945
1900,34.0435737793945
1901,34.0435737793945
1902,33.9929507863019
1903,33.9929507863019
1904,33.6022101364217
1905,33.9929507863019
1906,33.9929507863019
1907,33.9929507863019
1908,33.9929507863019
1909,33.6022101364217
1910,33.9929507863019
1911,33.9929507863019
1912,36.8694717320581
1913,36.8694717320581
1914,35.6312058954939
1915,36.8694717320581
1916,37.7258029546773
1917,37.7258029546773
1918,37.7258029546773
1919,37.7258029546773
1920,37.7258029546773
1921,36.2424276155491
1922,36.2424276155491
1923,36.2424276155491
1924,36.2424276155491
1925,36.7539496518924
1926,36.7539496518924
1927,36.7539496518924
1928,36.7539496518924
1929,36.7539496518924
1930,36.7539496518924
1931,36.7539496518924
1932,36.7539496518924
1933,36.7539496518924
1934,36.7539496518924
1935,36.8921180748388
1936,36.8921180748388
1937,36.8921180748388
1938,36.5013774249586
1939,36.3454027249381
1940,37.3845758954188
1941,37.3845758954188
1942,37.3845758954188
1943,35.4120772138327
1944,35.4120772138327
1945,35.4120772138327
1946,35.4120772138327
1947,35.4473708656363
1948,37.5318222106788
1949,37.5318222106788
1950,37.5318222106788
1951,37.5318222106788
1952,37.5318222106788
1953,37.5318222106788
1954,38.0497002746311
1955,37.1410815607986
1956,37.5318222106788
1957,37.5318222106788
1958,37.1410815607986
1959,37.5318222106788
1960,37.1410815607986
1961,37.5318222106788
1962,37.1410815607986
1963,37.5318222106788
1964,37.1410815607986
1965,37.5318222106788
1966,37.1410815607986
1967,37.5318222106788
1968,37.1410815607986
1969,37.5318222106788
1970,37.1410815607986
1971,37.5318222106788
1972,37.5318222106788
1973,37.5318222106788
1974,37.1410815607986
1975,37.5318222106788
1976,37.5318222106788
1977,37.5318222106788
1978,37.1410815607986
1979,37.7992775518067
1980,37.1410815607986
1981,37.5318222106788
1982,37.1410815607986
1983,37.1410815607986
1984,37.1410815607986
1985,37.5318222106788
1986,37.5318222106788
1987,37.1410815607986
1988,38.6217547855922
1989,38.8892101267201
1990,38.6217547855922
1991,38.6217547855922
1992,38.6217547855922
1993,38.8892101267201
1994,38.6217547855922
1995,38.6217547855922
1996,38.231014135712
1997,38.6217547855922
1998,38.6217547855922
1999,38.6217547855922
2000,38.231014135712
2001,38.6217547855922
2002,38.6217547855922
2003,38.231014135712
2004,38.6217547855922
2005,38.6217547855922
2006,38.6217547855922
2007,38.231014135712
2008,38.6217547855922
2009,36.3108683997531
2010,36.3108683997531
2011,36.3108683997531
2012,35.920127749873
2013,36.3108683997531
2014,35.920127749873
2015,35.920127749873
2016,36.3108683997531
2017,35.920127749873
2018,36.3108683997531
2019,35.920127749873
2020,35.920127749873
2021,36.5783237408811
2022,35.920127749873
2023,35.920127749873
2024,36.666008069818
2025,36.3108683997531
2026,36.3108683997531
2027,35.920127749873
2028,36.1860880226444
2029,36.1860880226444
2030,36.4535433637723
2031,36.1860880226444
2032,37.9324124592985
2033,36.1860880226444
2034,36.1860880226444
2035,35.7953473727642
2036,36.4535433637723
2037,36.1860880226444
2038,36.1860880226444
2039,35.7953473727642
2040,36.4535433637723
2041,36.1860880226444
2042,36.4535433637723
2043,36.1860880226444
2044,35.7953473727642
2045,36.4535433637723
2046,36.1860880226444
2047,35.7953473727642
2048,36.1860880226444
2049,36.9128332651494
2050,37.8693890172823
2051,37.6019336761544
2052,37.8693890172823
2053,37.6019336761544
2054,37.2111930262742
2055,37.8693890172823
2056,37.6019336761544
2057,37.6019336761544
2058,37.8693890172823
2059,37.6019336761544
2060,37.2111930262742
2061,37.2111930262742
2062,37.6019336761544
2063,37.6019336761544
2064,37.8693890172823
2065,37.2111930262742
2066,37.6019336761544
2067,37.6019336761544
2068,37.6019336761544
2069,37.6019336761544
2070,37.8693890172823
2071,37.6019336761544
2072,37.2111930262742
2073,37.6019336761544
2074,37.8693890172823
2075,37.6019336761544
2076,37.6019336761544
2077,37.8693890172823
2078,37.8693890172823
2079,36.4884583497197
2080,37.1466543407278
2081,36.8791989995999
2082,36.8791989995999
2083,36.8791989995999
2084,36.8791989995999
2085,36.8791989995999
2086,36.8791989995999
2087,36.4884583497197
2088,36.8791989995999
2089,36.4884583497197
2090,37.0040774484983
2091,37.0040774484983
2092,37.2715327896263
2093,37.0040774484983
2094,36.6133367986182
2095,37.0040774484983
2096,37.0040774484983
2097,36.6133367986182
2098,37.2715327896263
2099,37.0040774484983
2100,37.2715327896263
2101,37.0040774484983
2102,37.0040774484983
2103,36.6133367986182
2104,37.0040774484983
2105,35.5211802625385
2106,37.0040774484983
2107,36.6133367986182
2108,37.0040774484983
2109,37.0040774484983
2110,37.0040774484983
2111,36.6133367986182
2112,37.0040774484983
2113,39.0226163717544
2114,38.6318757218743
2115,39.2900717128824
2116,39.0226163717544
2117,36.8917621393951
2118,39.2900717128824
2119,39.0226163717544
2120,38.6318757218743
2121,39.2900717128824
2122,36.5317179940777
2123,36.1409773441975
2124,36.5317179940777
2125,36.5317179940777
2126,36.5317179940777
2127,35.4258660701912
2128,36.5317179940777
2129,36.1409773441975
2130,36.5317179940777
2131,39.140458549261
2132,39.140458549261
2133,38.7497178993808
2134,38.2656388925047
2135,39.140458549261
2136,38.7884215245333
2137,38.2656388925047
2138,38.7497178993808
2139,38.2656388925047
2140,39.140458549261
2141,39.140458549261
2142,38.7497178993808
2143,38.537310068403
2144,39.140458549261
2145,38.6563795423849
2146,39.140458549261
2147,38.6563795423849
2148,37.3892212143322
2149,36.998480564452
2150,36.998480564452
2151,36.998480564452
2152,37.2701517403503
2153,37.6566765554601
2154,37.3892212143322
2155,36.998480564452
2156,36.998480564452
2157,37.6566765554601
2158,37.3892212143322
2159,36.998480564452
2160,37.3892212143322
2161,36.998480564452
2162,36.998480564452
2163,37.3892212143322
2164,37.3892212143322
2165,36.998480564452
2166,37.6566765554601
2167,37.3892212143322
2168,36.998480564452
2169,36.998480564452
2170,36.998480564452
2171,37.3892212143322
2172,37.6566765554601
2173,37.3892212143322
2174,36.998480564452
2175,37.6566765554601
2176,37.3892212143322
2177,37.6566765554601
2178,37.3892212143322
2179,36.998480564452
2180,37.6566765554601
2181,37.3892212143322
2182,37.6566765554601
2183,37.3892212143322
2184,36.998480564452
2185,37.3892212143322
2186,36.998480564452
2187,37.3892212143322
2188,36.998480564452
2189,36.998480564452
2190,36.0762563535577
2191,37.3892212143322
2192,37.5212631964806
2193,36.998480564452
2194,36.998480564452
2195,37.3892212143322
2196,37.3892212143322
2197,36.998480564452
2198,36.998480564452
2199,37.3892212143322
2200,37.3892212143322
2201,36.998480564452
2202,37.3892212143322
2203,36.998480564452
2204,37.6566765554601
2205,37.3892212143322
2206,36.998480564452
2207,37.6566765554601
2208,37.3892212143322
2209,37.1305225466004
2210,36.998480564452
2211,36.998480564452
2212,37.3892212143322
2213,36.998480564452
2214,36.998480564452
2215,37.6566765554601
2216,37.3892212143322
2217,36.998480564452
2218,36.998480564452
2219,37.3892212143322
2220,38.4316667079416
2221,38.0409260580614
2222,38.4316667079416
2223,38.0409260580614
2224,38.6991220490695
2225,38.4316667079416
2226,38.0409260580614
2227,38.4316667079416
2228,38.6991220490695
2229,38.4316667079416
2230,38.0409260580614
2231,38.6991220490695
2232,38.4316667079416
2233,38.0409260580614
2234,38.4316667079416
2235,38.0576977312291
2236,38.6991220490695
2237,38.4316667079416
2238,38.6991220490695
2239,38.4316667079416
2240,38.0409260580614
2241,38.0409260580614
2242,38.0576977312291
2243,38.6991220490695
2244,38.6991220490695
2245,38.4316667079416
2246,38.0409260580614
2247,38.6991220490695
2248,38.4316667079416
2249,38.0409260580614
2250,38.0409260580614
2251,38.6991220490695
2252,38.6991220490695
2253,38.6991220490695
2254,38.2996247257932
2255,38.4316667079416
2256,38.6991220490695
2257,38.4316667079416
2258,38.0409260580614
2259,38.6991220490695
2260,38.4316667079416
2261,38.0409260580614
2262,38.6991220490695
2263,38.4316667079416
2264,38.0409260580614
2265,38.6991220490695
2266,38.6991220490695
2267,38.4316667079416
2268,38.6991220490695
2269,38.4316667079416
2270,38.6991220490695
2271,38.4316667079416
2272,38.0409260580614
2273,38.6991220490695
2274,38.4316667079416
2275,38.0409260580614
2276,38.0409260580614
2277,38.0409260580614
2278,38.6991220490695
2279,38.4316667079416
2280,38.0409260580614
2281,38.6991220490695
2282,38.4316667079416
2283,38.0409260580614
2284,38.6991220490695
2285,38.4316667079416
2286,38.0409260580614
2287,38.6991220490695
2288,38.4316667079416
2289,38.6991220490695
2290,38.4316667079416
2291,38.0409260580614
2292,38.6991220490695
2293,38.4316667079416
2294,38.6991220490695
2295,38.0409260580614
2296,38.6991220490695
2297,38.4316667079416
2298,38.0409260580614
2299,38.6991220490695
2300,38.4316667079416
2301,38.4316667079416
2302,38.0409260580614
2303,38.0409260580614
2304,38.6991220490695
2305,38.4316667079416
2306,38.0409260580614
2307,38.6991220490695
2308,38.0409260580614
2309,38.6991220490695
2310,38.6991220490695
2311,38.4316667079416
2312,38.4316667079416
2313,38.0409260580614
2314,38.0409260580614
2315,38.6991220490695
2316,38.4316667079416
2317,38.0409260580614
2318,38.6991220490695
2319,38.0409260580614
2320,40.1863231990204
2321,39.7955825491403
2322,40.1863231990204
2323,39.7955825491403
2324,40.4537785401484
2325,40.1863231990204
2326,40.1863231990204
2327,39.7955825491403
2328,40.4537785401484
2329,40.1863231990204
2330,37.8448027522843
2331,37.4540621024041
2332,37.8448027522843
2333,37.4540621024041
2334,38.1122580934122
2335,37.8448027522843
2336,37.4540621024041
2337,38.1122580934122
2338,37.8448027522843
2339,38.1122580934122
2340,37.8448027522843
2341,37.4540621024041
2342,37.4540621024041
2343,38.1122580934122
2344,37.8448027522843
2345,37.8448027522843
2346,37.4540621024041
2347,37.4540621024041
2348,37.4540621024041
2349,37.4540621024041
2350,37.4540621024041
2351,38.1122580934122
2352,37.8448027522843
2353,38.1122580934122
2354,37.8448027522843
2355,37.4540621024041
2356,37.4540621024041
2357,37.4540621024041
2358,38.1122580934122
2359,37.8448027522843
2360,37.4540621024041
2361,38.1122580934122
2362,37.8448027522843
2363,37.4540621024041
2364,38.1122580934122
2365,37.8448027522843
2366,37.8448027522843
2367,37.8448027522843
2368,37.8448027522843
2369,37.4540621024041
2370,37.4540621024041
2371,37.4540621024041
2372,38.1122580934122
2373,37.8448027522843
2374,37.8448027522843
2375,37.8448027522843
2376,37.4540621024041
2377,38.1122580934122
2378,37.8448027522843
2379,37.4540621024041
2380,37.4540621024041
2381,37.8448027522843
2382,37.4540621024041
2383,37.4540621024041
2384,38.1122580934122
2385,37.8448027522843
2386,37.4540621024041
2387,37.4540621024041
2388,37.8448027522843
2389,37.8448027522843
2390,37.4540621024041
2391,38.1122580934122
2392,37.8448027522843
2393,38.1122580934122
2394,37.8280310791165
2395,37.8448027522843
2396,37.4372904292364
2397,37.8448027522843
2398,37.8448027522843
2399,38.1122580934122
2400,37.8448027522843
2401,37.4540621024041
2402,38.1122580934122
2403,37.8448027522843
2404,37.4540621024041
2405,37.8448027522843
2406,37.4540621024041
2407,37.8448027522843
2408,37.4540621024041
2409,38.1122580934122
2410,37.8448027522843
2411,37.8448027522843
2412,37.8448027522843
2413,37.4540621024041
2414,38.1122580934122
2415,37.8448027522843
2416,38.1122580934122
2417,37.8448027522843
2418,37.8448027522843
2419,37.4540621024041
2420,37.4540621024041
2421,37.4540621024041
2422,38.1122580934122
2423,37.8448027522843
2424,37.4540621024041
2425,37.8448027522843
2426,37.4540621024041
2427,37.4540621024041
2428,37.4540621024041
2429,37.4540621024041
2430,37.8448027522843
2431,38.1122580934122
2432,35.5383317288449
2433,35.9290723787251
2434,35.5383317288449
2435,35.9290723787251
2436,35.5383317288449
2437,35.5383317288449
2438,35.9290723787251
2439,35.5383317288449
2440,35.5383317288449
2441,35.5383317288449
2442,35.5383317288449
2443,35.9290723787251
2444,35.5383317288449
2445,35.9290723787251
2446,35.5383317288449
2447,35.5383317288449
2448,35.6574012028268
2449,35.5383317288449
2450,35.9290723787251
2451,35.7507395598227
2452,35.5383317288449
2453,40.9657123150941
2454,40.9657123150941
2455,40.5749716652139
2456,41.233167656222
2457,41.233167656222
2458,40.9657123150941
2459,40.9657123150941
2460,40.9657123150941
2461,41.233167656222
2462,40.5749716652139
2463,38.1545343210456
2464,38.1545343210456
2465,38.1545343210456
2466,38.1545343210456
2467,38.1545343210456
2468,37.7637936711654
2469,37.7637936711654
2470,38.4219896621735
2471,38.1545343210456
2472,38.6879275580928
2473,38.9553828992207
2474,38.6879275580928
2475,38.2971869082126
2476,38.9553828992207
2477,37.0560687342202
2478,37.0560687342202
2479,37.0560687342202
2480,37.0560687342202
2481,37.0560687342202
2482,37.0560687342202
2483,37.0560687342202
2484,37.3235240753481
2485,39.3266248319454
2486,36.66532808434
2487,37.0560687342202
2488,37.0560687342202
2489,37.0560687342202
2490,35.8881047589751
2491,36.155560100103
2492,35.8881047589751
2493,35.1976960256684
2494,36.155560100103
2495,35.8881047589751
2496,36.155560100103
2497,35.3335610853963
2498,35.3335610853963
2499,35.8881047589751
2500,35.8881047589751
2501,36.155560100103
2502,35.8881047589751
2503,36.155560100103
2504,35.8881047589751
2505,35.8881047589751
2506,35.8881047589751
2507,35.0174980903409
2508,35.0174980903409
2509,34.6267574404607
2510,35.2849534314688
2511,35.0174980903409
2512,35.0174980903409
2513,35.0174980903409
2514,35.0174980903409
2515,35.2849534314688
2516,35.2849534314688
2517,35.0174980903409
2518,35.0174980903409
2519,35.0174980903409
2520,34.6267574404607
2521,35.0174980903409
2522,35.0174980903409
2523,34.6267574404607
2524,35.2849534314688
2525,35.0174980903409
2526,34.6267574404607
2527,35.8482915695747
2528,34.9668750972483
2529,34.5761344473681
2530,34.9668750972483
2531,34.5761344473681
2532,35.2343304383762
2533,34.9668750972483
2534,34.5761344473681
2535,35.2343304383762
2536,34.5761344473681
2537,35.2343304383762
2538,34.9668750972483
2539,34.5761344473681
2540,34.9668750972483
2541,34.9668750972483
2542,34.5761344473681
2543,34.5761344473681
2544,35.2343304383762
2545,37.4526553931243
2546,37.8433960430045
2547,37.8433960430045
2548,38.1108513841324
2549,38.6997272656237
2550,38.9671826067517
2551,38.6997272656237
2552,38.9671826067517
2553,38.9671826067517
2554,38.6997272656237
2555,38.6997272656237
2556,38.6997272656237
2557,38.6997272656237
2558,38.6997272656237
2559,38.3089866157436
2560,38.9671826067517
2561,38.6997272656237
2562,38.9671826067517
2563,38.9671826067517
2564,37.2163519264955
2565,37.2163519264955
2566,37.2163519264955
2567,37.2163519264955
2568,37.2163519264955
2569,37.4838072676234
2570,37.2163519264955
2571,37.2163519264955
2572,36.8256112766153
2573,37.4838072676234
2574,37.7278739628388
2575,37.9953293039667
2576,37.7278739628388
2577,37.7278739628388
2578,37.3371333129586
2579,37.7278739628388
2580,37.7278739628388
2581,37.7278739628388
2582,37.9953293039667
2583,37.7278739628388
2584,37.7278739628388
2585,37.7278739628388
2586,37.7278739628388
2587,37.3371333129586
2588,37.7278739628388
2589,37.7278739628388
2590,37.7278739628388
2591,37.7278739628388
2592,37.3371333129586
2593,37.9953293039667
2594,37.9953293039667
2595,38.1334977269131
2596,38.1334977269131
2597,37.8660423857852
2598,31.8003556456401
2599,37.8660423857852
2600,37.8660423857852
2601,38.1334977269131
2602,38.3585002063652
2603,38.6259555474931
2604,39.0789356088962
2605,38.3585002063652
2606,38.3585002063652
2607,36.2056030914175
2608,36.2056030914175
2609,36.3860015247791
2610,36.3860015247791
2611,36.6887505177107
2612,36.6887505177107
2613,37.711558389365
2614,37.711558389365
2615,37.3208177394848
2616,28.869654346615
2617,29.5934508609554
2618,50.4942365354145
2619,50.3571436879035
2620,50.3571436879035
2621,51.0563356129367
2622,49.1361898769778
2623,49.0114094998691
2624,51.4571971990989
2625,51.9657800264856
2626,49.8238020416766
2627,49.8238020416766
2628,50.2145426915568
2629,50.2145426915568
2630,51.2569881851663
2631,50.8662475352861
2632,50.8662475352861
2633,51.5244435262942
2634,51.2569881851663
2635,51.5244435262942
2636,51.2569881851663
2637,51.2569881851663
2638,50.8662475352861
2639,51.2569881851663
2640,51.0053895810689
2641,50.6701242295089
2642,50.6701242295089
2643,47.007420219484
2644,51.7925040839763
2645,50.6913638630099
2646,39.7137626084871
2647,47.5996656590268
2648,47.5832556434909
2649,48.6731882184042
2650,48.0441077588466
2651,47.7137068723185
2652,49.5826326319532
2653,49.5826326319532
2654,47.8313952970244
2655,47.8313952970244
2656,49.1412961317617
2657,48.8738407906338
2658,48.4831001407536
2659,50.6284972817127
2660,48.5544321761044
2661,48.2869768349765
2662,46.3712464614173
2663,46.3712464614173
2664,46.3302788416673
2665,36.4762959171694
2666,36.4762959171694
2667,42.0721788729319
2668,41.6814382230517
2669,41.8036658687431
2670,43.0215615574451
2671,44.0674262072046
2672,42.3841017514765
2673,45.2375559731584
2674,42.267172962031
2675,33.6692427668598
2676,39.4205184742107
2677,39.4205184742107
2678,38.8871768279839
2679,39.277917477864
2680,38.8871768279839
2681,40.5878183126014
2682,39.7334990158161
2683,40.000954356944
2684,37.4270279923768
2685,39.1050481900274
2686,31.0914064746071
2687,37.0190711756008
2688,37.0190711756008
2689,35.9634929160291
2690,38.490614666672
2691,36.7393773317431
2692,37.7818228253526
2693,37.7818228253526
2694,39.5364793164314
2695,37.1949588696952
2696,37.1949588696952
2697,37.5046904384566
2698,36.4062248516312
2699,34.3676542077519
2700,36.611178369189
2701,36.611178369189
2702,38.0827218602602
2703,38.0827218602602
2704,38.0827218602602
2705,36.3314845253314
2706,36.3314845253314
2707,36.7870660632835
2708,36.3963254134033
2709,33.9597614013401
2710,37.4480098326244
2711,38.5379424075378
2712,37.5181212981
2713,38.5480633438199
2714,34.0550191568598
2715,38.3478543298872
2716,38.3478543298872
2717,38.3478543298872
2718,37.7609903742299
2719,37.3702497243497
2720,37.7609903742299
2721,37.3702497243497
2722,41.1493552781676
2723,40.8818999370397
2724,36.9722563561658
2725,37.1325395484411
2726,37.6440615847844
2727,37.6290325214556
2728,38.6714780150651
2729,38.0846140594077
2730,37.3637407113905
2731,38.9723770499727
2732,39.3861285962792
2733,40.0793376450244
2734,42.6064593956672
2735,42.6064593956672
2736,40.8552220607384
2737,40.4644814108582
2738,39.0043325752511
2739,44.0409725116201
2740,38.0421352937743
2741,38.7003312847824
2742,40.9186562395306
2743,33.5972166370275
2744,32.3300583089748
2745,39.7819755009433
2746,38.927656204158
2747,36.3678068833426
2748,38.9262494948783
2749,38.5355088449981
2750,36.2132283639427
2751,37.6847718550139
2752,35.933534520085
2753,36.9759800136945
2754,36.9759800136945
2755,36.9759800136945
2756,36.5852393638143
2757,38.7306365047733
2758,36.3891160580371
2759,36.4103556915381
2760,35.8053355575309
2761,35.6682427100199
2762,35.7383541754955
2763,35.7383541754955
2764,37.2768790486021
2765,34.0654928780662
2766,35.4212132100406
2767,35.6886685511686
2768,35.0304725601605
2769,35.7931245532732
2770,36.7122784864419
2771,35.9895438098874
2772,38.2508033595485
2773,38.2508033595485
2774,36.4995660246197
2775,37.1512708683489
2776,39.296668009308
2777,39.296668009308
2778,36.9551475625718
2779,36.5644069126916
2780,34.6486765391324
2781,40.3435124665095
2782,37.8100720759113
2783,36.326696736783
2784,36.8382187731263
2785,36.8382187731263
2786,39.1837016678604
2787,39.4265707439903
2788,37.865635203407
2789,37.4748945535268
2790,37.2787712477496
2791,31.4949507122741
2792,36.5578978997324
2793,36.5578978997324
2794,39.212398888074
2795,36.8708784413378
2796,36.8708784413378
2797,37.3892212143322
2798,41.1510426576642
2799,40.8851804566825
2800,43.4123022073253
2801,41.2703242225163
2802,44.7256221982127
2803,41.7259057604684
2804,42.1166464103486
2805,39.8101753869092
2806,45.5050113142863
2807,42.5690305662769
2808,33.8063356143708
2809,33.4155949644906
2810,33.6692427668598
2811,33.2785021169796
2812,34.368434691893
2813,34.7591753417731
2814,35.0266306829011
2815,34.7591753417731
2816,32.4482889559341
2817,32.4482889559341
2818,32.0575483060539
2819,32.3235085788254
2820,32.3235085788254
2821,31.9327679289452
2822,33.3486135824551
2823,33.7393542323353
2824,34.0068095734632
2825,34.0068095734632
2826,33.7393542323353
2827,33.7393542323353
2828,33.1414980046793
2829,33.1414980046793
2830,33.1414980046793
2831,33.1414980046793
2832,32.7507573547991
2833,34.7692962780552
2834,35.4274922690633
2835,34.7692962780552
2836,32.6691385502587
2837,35.2778791054419
2838,35.2778791054419
2839,35.1932974218422
2840,34.6747306245839
2841,35.2778791054419
2842,34.4030594486856
2843,33.1359011206329
2844,33.1359011206329
2845,33.1359011206329
2846,33.794097111641
2847,33.1359011206329
2848,33.5266417705131
2849,33.1359011206329
2850,33.1359011206329
2851,33.794097111641
2852,34.1783466142424
2853,34.1783466142424
2854,34.8365426052505
2855,34.1783466142424
2856,34.5690872641225
2857,34.8365426052505
2858,34.8365426052505
2859,34.8365426052505
2860,34.1783466142424
2861,34.8365426052505
2862,36.3237437552014
2863,33.9822233084652
2864,34.2496786495931
2865,33.9822233084652
2866,33.591482658585
2867,31.6757522850259
2868,32.066492934906
2869,31.6757522850259
2870,31.6757522850259
2871,32.066492934906
2872,31.6757522850259
2873,37.1031328712751
2874,34.4346074643935
2875,32.025525315156
2876,32.025525315156
2877,31.6347846652758
2878,32.025525315156
2879,31.1549186465218
2880,31.1549186465218
2881,31.3717509945571
2882,33.9808165991855
2883,33.5900759493053
2884,34.2482719403134
2885,33.8652945190197
2886,33.8652945190197
2887,34.0034629419662
2888,34.4959207625461
2889,32.3430236475984
2890,32.5234220809601
2891,38.199564663285
2892,38.199564663285
2893,40.3203629714735
2894,40.5878183126014
2895,35.4572605093155
2896,36.8555713607801
2897,31.2860953723273
2898,30.8953547224471
2899,30.8953547224471
2900,31.2860953723273
2901,30.8953547224471
2902,30.8953547224471
2903,31.2860953723273
2904,31.9852872973605
2905,30.0651415614016
2906,30.9654661879227
2907,31.6236621789308
2908,31.3562068378029
2909,31.6236621789308
2910,30.2859911557262
2911,32.8947317109095
2912,32.2915832300515
2913,31.1434943759806
2914,30.7527537261005
2915,31.4109497171086
2916,31.4109497171086
2917,30.7527537261005
2918,31.1434943759806
2919,31.1434943759806
2920,31.1434943759806
2921,30.7527537261005
2922,31.7951992197099
2923,32.453395210718
2924,31.7951992197099
2925,32.1859398695901
2926,32.453395210718
2927,31.7951992197099
2928,32.1859398695901
2929,31.7951992197099
2930,32.453395210718
2931,31.7951992197099
2932,32.453395210718
2933,32.1859398695901
2934,32.453395210718
2935,31.7951992197099
2936,32.453395210718
2937,32.453395210718
2938,32.1859398695901
2939,31.7951992197099
2940,31.7951992197099
2941,32.1859398695901
2942,31.7951992197099
2943,32.453395210718
2944,32.453395210718
2945,32.1859398695901
2946,33.5498557107888
2947,33.9405963606689
2948,31.8665312550607
2949,31.5990759139327
2950,31.2083352640526
2951,31.5990759139327
2952,31.2083352640526
2953,31.8665312550607
2954,31.2083352640526
2955,29.6833455403736
2956,29.2926048904934
2957,34.9874408178705
2958,34.7199854767426
2959,34.9874408178705
2960,34.3292448268624
2961,30.8103418958687
2962,29.0392265931173
2963,28.3810306021092
2964,31.597669204653
2965,32.0632597773921
2966,32.0632597773921
2967,30.970625088144
2968,30.970625088144
2969,31.4821471244873
2970,31.4821471244873
2971,31.0914064746071
2972,36.8819783280898
2973,38.490614666672
2974,37.3910821754724
2975,37.7818228253526
2976,37.7818228253526
2977,37.7818228253526
2978,36.8042182198151
2979,36.4062248516312
2980,36.474085521678
2981,38.0827218602602
2982,38.0827218602602
2983,38.0827218602602
2984,38.0827218602602
2985,37.3739300189408
2986,39.1285865100197
2987,36.7870660632835
2988,39.9079756260933
2989,36.670137273838
2990,37.7855766392279
2991,36.0571649661431
2992,36.4479056160233
2993,39.0566461712066
2994,36.9146681863976
2995,37.3054088362778
2996,36.9146681863976
2997,38.3478543298872
2998,38.6153096710151
2999,38.3478543298872
3000,38.3478543298872
3001,38.6153096710151
3002,38.6153096710151
3003,37.957113680007
3004,37.3702497243497
3005,37.3702497243497
3006,37.3702497243497
3007,37.7609903742299
3008,37.7609903742299
3009,37.7609903742299
3010,37.3702497243497
3011,38.0284457153578
3012,37.3702497243497
3013,35.4545193507905
3014,40.8818999370397
3015,41.1493552781676
3016,40.8818999370397
3017,41.1493552781676
3018,37.9115169259123
3019,37.2533209349042
3020,28.9981164465578
3021,46.3946665039988
3022,34.6959908040832
3023,33.3379441456466
3024,32.9472034957664
3025,33.6053994867745
3026,33.2131637685378
3027,33.4806191096658
3028,33.2131637685378
3029,32.8224231186577
3030,34.2382687721676
3031,34.2382687721676
3032,33.6404125445116
3033,34.0311531943918
3034,34.2986085355197
3035,34.2986085355197
3036,33.6404125445116
3037,35.7767936452742
3038,35.726197794963
3039,35.726197794963
3040,35.726197794963
3041,35.726197794963
3042,35.458742453835
3043,35.726197794963
3044,35.726197794963
3045,35.458742453835
3046,35.458742453835
3047,35.0680018039549
3048,34.8718784981777
3049,34.4811378482975
3050,34.4811378482975
3051,34.8718784981777
3052,35.1393338393056
3053,34.8718784981777
3054,34.4811378482975
3055,34.4811378482975
3056,37.9927880609875
3057,37.6020474111074
3058,37.6020474111074
3059,37.9927880609875
3060,33.1826358459964
3061,32.9151805048685
3062,32.3120291773622
3063,32.0445738362343
3064,32.0445738362343
3065,32.2614061842696
3066,34.870471788898
3067,35.9942583526451
3068,34.243427672389
3069,33.8526870225088
3070,34.243427672389
3071,33.8526870225088
3072,34.5108830135169
3073,34.7549497087322
3074,35.0224050498601
3075,34.6138581229058
3076,34.9948353023784
3077,33.6805326118005
3078,36.79969980652
3079,41.4774735023139
3080,40.6231542055286
3081,32.5133173686433
3082,36.387974442207
3083,31.7905826920888
3084,32.0331495656931
3085,32.0331495656931
3086,31.642408915813
3087,31.642408915813
3088,33.0755950593026
3089,33.0755950593026
3090,32.6848544094224
3091,32.6848544094224
3092,33.3430504004305
3093,33.0755950593026
3094,33.3430504004305
3095,33.0755950593026
3096,33.0755950593026
3097,32.6848544094224
3098,33.3430504004305
3099,33.0755950593026
3100,32.6848544094224
3101,32.4887311036452
3102,32.0979904537651
3103,32.7561864447732
3104,32.0979904537651
3105,32.7561864447732
3106,32.0979904537651
3107,32.7561864447732
3108,32.0979904537651
3109,32.4887311036452
3110,32.0979904537651
3111,32.0979904537651
3112,32.7561864447732
3113,32.4887311036452
3114,32.4887311036452
3115,32.0979904537651
3116,35.6096406664551
3117,35.877096007583
3118,33.6111109581127
3119,32.9529149671046
3120,32.3718023141998
3121,31.9810616643196
3122,35.5744619424972
3123,37.9087263653133
3124,38.6714780150651
3125,38.0846140594077
3126,37.6767212529959
3127,40.7976308158058
3128,41.0650861569337
3129,40.7976308158058
3130,37.5597924635505
3131,37.5597924635505
3132,39.2375095195997
3133,38.6506455639424
3134,38.6506455639424
3135,38.9181009050703
3136,38.6506455639424
3137,41.7715551267522
3138,41.7715551267522
3139,38.5337167744969
3140,47.4374660442872
3141,39.4224170472301
3142,39.0316763973499
3143,38.8245608195741
3144,39.8614094291371
3145,39.9313347552082
3146,44.9181914233573
3147,46.2708811274962
3148,36.5784175373419
3149,38.1364580256128
3150,37.4782620346047
3151,38.1364580256128
3152,39.6236591755637
3153,45.858493782116
3154,42.9884716511725
3155,44.030917144782
3156,44.2983724859099
3157,43.0533125392445
3158,44.5664330435921
3159,44.5664330435921
3160,41.3353898636885
3161,42.6064593956672
3162,42.6064593956672
3163,40.4644814108582
3164,41.5069269044676
3165,41.5069269044676
3166,41.3108035986905
3167,40.9200629488103
3168,41.3108035986905
3169,41.3108035986905
3170,38.881475054669
3171,44.4317131615003
3172,44.6991685026282
3173,44.0409725116201
3174,42.16572811203
3175,40.8031341593648
3176,33.0004928027126
3177,32.8633999552017
3178,32.8633999552017
3179,33.1308552963296
3180,32.8633999552017
3181,33.953332530115
3182,33.953332530115
3183,33.953332530115
3184,33.5625918802348
3185,31.572158165567
3186,31.642446144276
3187,31.2517054943958
3188,31.9099014854039
3189,31.2517054943958
3190,31.2517054943958
3191,31.5176657671673
3192,31.5176657671673
3193,32.9335114206772
3194,33.2009667618051
3195,32.542770770797
3196,32.9335114206772
3197,33.2009667618051
3198,32.9335114206772
3199,33.2009667618051
3200,32.9335114206772
3201,32.542770770797
3202,33.2009667618051
3203,32.9335114206772
3204,32.9335114206772
3205,32.2107767441227
3206,32.2107767441227
3207,32.2107767441227
3208,32.4782320852506
3209,32.3356551930212
3210,32.3356551930212
3211,31.944914543141
3212,32.3356551930212
3213,31.944914543141
3214,31.944914543141
3215,31.3319324458611
3216,32.3356551930212
3217,31.3706360710136
3218,29.5348885782105
3219,32.3300583089748
3220,32.3300583089748
3221,32.3300583089748
3222,32.4621002911233
3223,33.7632444524644
3224,33.3725038025843
3225,34.1152814771921
3226,33.3725038025843
3227,34.0306997935924
3228,33.7632444524644
3229,34.0306997935924
3230,33.7632444524644
3231,33.3725038025843
3232,34.0306997935924
3233,35.1271602936631
3234,33.1763804968071
3235,33.1763804968071
3236,33.1763804968071
3237,32.7856398469269
3238,32.7856398469269
3239,33.443835837935
3240,33.443835837935
3241,32.7856398469269
3242,33.443835837935
3243,32.7856398469269
3244,32.7856398469269
3245,33.1763804968071
3246,32.7856398469269
3247,31.2606501232479
3248,30.8699094733677
3249,31.2606501232479
3250,30.8699094733677
3251,30.8699094733677
3252,30.8699094733677
3253,36.5647454007449
3254,36.5647454007449
3255,35.9065494097368
3256,36.5647454007449
3257,33.7363401376934
3258,32.387646478743
3259,32.387646478743
3260,29.9583351849835
3261,29.9077121918909
3262,33.4424291286553
3263,34.2987603512745
3264,34.2987603512745
3265,32.1571890211382
3266,33.0594517073616
3267,33.0594517073616
3268,33.0594517073616
3269,33.0594517073616
3270,33.0594517073616
3271,33.0594517073616
3272,31.9850346104299
3273,33.0431361338879
3274,38.2239350126724
3275,37.0029812017467
3276,37.0029812017467
3277,40.2233120011347
3278,39.8325713512546
3279,38.0813340163257
3280,38.6208883215221
3281,39.5145201598154
3282,39.1237795099352
3283,39.5145201598154
3284,39.1237795099352
3285,39.7819755009433
3286,38.927656204158
3287,38.5369155542778
3288,38.927656204158
3289,38.5369155542778
3290,38.927656204158
3291,38.5369155542778
3292,38.5369155542778
3293,38.927656204158
3294,42.0485657669679
3295,41.6578251170877
3296,38.4063775272219
3297,38.8107274147126
3298,30.4802525606692
3299,30.4802525606692
3300,30.4802525606692
3301,31.1794444857024
3302,29.2592987497435
3303,29.1345183726348
3304,28.7437777227546
3305,30.1596233762646
3306,30.8178193672727
3307,30.8178193672727
3308,29.9525077984887
3309,29.9525077984887
3310,29.9525077984887
3311,30.2199631396166
3312,29.5617671486085
3313,29.0894076941879
3314,29.9469109144424
3315,30.0789528965908
3316,29.9469109144424
3317,29.9469109144424
3318,31.380097057932
3319,30.9893564080518
3320,30.9893564080518
3321,30.9893564080518
3322,30.9893564080518
3323,31.6475523990599
3324,31.380097057932
3325,31.6475523990599
3326,31.380097057932
3327,30.9893564080518
3328,30.9893564080518
3329,31.6475523990599
3330,30.9893564080518
3331,30.9893564080518
3332,30.9893564080518
3333,31.6475523990599
3334,31.6475523990599
3335,31.380097057932
3336,30.9893564080518
3337,30.9893564080518
3338,30.9893564080518
3339,31.380097057932
3340,30.9893564080518
3341,31.6475523990599
3342,31.380097057932
3343,30.9893564080518
3344,33.1347535490108
3345,32.7440128991307
3346,33.1347535490108
3347,30.7932331022746
3348,31.0606884434026
3349,31.0606884434026
3350,31.0606884434026
3351,30.7932331022746
3352,30.7932331022746
3353,30.4024924523945
3354,30.4024924523945
3355,30.7932331022746
3356,30.7932331022746
3357,30.4024924523945
3358,31.0606884434026
3359,30.7932331022746
3360,33.5234020152043
3361,30.0044990842106
3362,30.2719544253385
3363,31.8843145320556
3364,30.0044990842106
3365,28.2333837814592
3366,27.9153054472387
3367,31.9156129567421
3368,30.9437596539571
3369,30.9437596539571
3370,30.8144727357756
3371,30.5352127270028
3372,36.0761355164317
3373,34.7304013283973
3374,35.5483907542512
3375,36.9759800136945
3376,36.843938031546
3377,38.7306365047733
3378,38.7306365047733
3379,36.3891160580371
3380,34.473385684478
3381,39.510025620847
3382,39.510025620847
3383,37.4996962049736
3384,35.6003820399731
3385,37.2440405713766
3386,36.2721872685917
3387,36.677811032666
3388,36.2558716951179
3389,35.8053355575309
3390,35.8053355575309
3391,37.2768790486021
3392,36.5680872072827
3393,36.8355425484106
3394,36.5680872072827
3395,38.3227436983615
3396,35.9812232516254
3397,35.9812232516254
3398,35.9812232516254
3399,34.0654928780662
3400,34.0654928780662
3401,38.711392164555
3402,39.1021328144352
3403,34.0245252583162
3404,35.9798165423456
3405,35.8642944621799
3406,35.8642944621799
3407,35.8642944621799
3408,35.8642944621799
3409,36.2514263710861
3410,36.6421670209663
3411,36.2514263710861
3412,37.3413589459995
3413,35.0304725601605
3414,35.5638881740598
3415,34.9056921830517
3416,38.7144242957252
3417,36.3215378365617
3418,35.7236816089057
3419,36.1144222587859
3420,36.1144222587859
3421,36.1144222587859
3422,38.2508033595485
3423,36.1088253747395
3424,36.7670213657476
3425,36.1088253747395
3426,36.1088253747395
3427,36.4995660246197
3428,36.1088253747395
3429,37.5420115182291
3430,37.1512708683489
3431,37.5420115182291
3432,37.1512708683489
3433,37.5420115182291
3434,37.1512708683489
3435,37.809466859357
3436,37.1512708683489
3437,39.296668009308
3438,36.9551475625718
3439,37.2226029036997
3440,36.9551475625718
3441,36.5644069126916
3442,36.9551475625718
3443,36.9551475625718
3444,36.9551475625718
3445,36.5644069126916
3446,36.5644069126916
3447,34.6486765391324
3448,34.6486765391324
3449,40.0760571253816
3450,39.6853164755014
3451,36.4338688856356
3452,37.8100720759113
3453,36.8382187731263
3454,37.1056741142542
3455,37.1056741142542
3456,37.4688450166527
3457,39.10928673395
3458,35.5834032428329
3459,29.2069358441161
3460,44.9306277013326
3461,33.499407342545
3462,33.8901479924251
3463,33.7222202513404
3464,33.7530551449141
3465,35.1104430609554
3466,34.4522470699473
3467,32.1413606841083
3468,32.4073209568797
3469,32.0165803069996
3470,34.0906219515176
3471,33.8231666103897
3472,34.0906219515176
3473,33.4324259605095
3474,33.8231666103897
3475,33.3678872749631
3476,33.1004319338352
3477,33.3678872749631
3478,32.709691283955
3479,33.4927657238616
3480,35.2438493059898
3481,35.5113046471177
3482,33.6104541485675
3483,33.2197134986873
3484,33.7037925055634
3485,33.6104541485675
3486,34.6528996421769
3487,34.9203549833049
3488,34.9203549833049
3489,34.9203549833049
3490,34.6528996421769
3491,34.9203549833049
3492,34.9203549833049
3493,36.0168154833756
3494,36.6750114743837
3495,36.4075561332558
3496,36.6750114743837
3497,34.0660356865196
3498,33.6752950366394
3499,33.6752950366394
3500,33.6752950366394
3501,34.0660356865196
3502,34.0660356865196
3503,32.1503053129604
3504,37.1869452493294
3505,34.3757672552809
3506,33.5447570095834
3507,33.2773016684555
3508,32.1093376932104
3509,32.1093376932104
3510,32.3767930343383
3511,31.7928979366163
3512,34.0646289772399
3513,34.9209601998591
3514,34.9209601998591
3515,33.4375848607309
3516,33.9491068970741
3517,34.216562238202
3518,33.9491068970741
3519,33.9491068970741
3520,33.0291005823079
3521,34.216562238202
3522,34.216562238202
3523,34.3547306611485
3524,34.3547306611485
3525,33.5405599701198
3526,34.5797331406005
3527,32.6072344590144
3528,39.1837016678604
3529,40.4041753495279
3530,40.0134346996477
3531,40.0847667349984
3532,39.8173113938705
3533,42.5474803068002
3534,30.9791671005015
3535,29.6334329124671
3536,31.0492785659771
3537,31.4400192158572
3538,31.7074745569852
3539,30.8421629882012
3540,30.8421629882012
3541,30.8365661041549
3542,31.494762095163
3543,30.8365661041549
3544,32.5372075887724
3545,32.5372075887724
3546,31.8790115977643
3547,31.8790115977643
3548,31.8790115977643
3549,31.8790115977643
3550,32.2697522476445
3551,32.2697522476445
3552,32.5372075887724
3553,31.8790115977643
3554,34.2918640798513
3555,34.0244087387233
3556,31.6828882919871
3557,31.292147642107
3558,31.9503436331151
3559,31.292147642107
3560,31.292147642107
3561,31.292147642107
3562,31.9503436331151
3563,31.292147642107
3564,31.9503436331151
3565,30.8941542739231
3566,30.8941542739231
3567,30.5034136240429
3568,28.8555836300438
3569,28.8555836300438
3570,32.5378128053266
3571,31.0544374661984
3572,31.5659595025417
3573,30.0436886311203
3574,38.4565848672198
3575,38.5744270447263
3576,37.8874290245175
3577,40.6671361516874
3578,38.1665342383146
3579,37.4577423969952
3580,39.212398888074
3581,39.212398888074
3582,36.8708784413378
3583,40.2592433452756
3584,36.0821444232738
3585,36.8921180748388
3586,37.3845758954188
3587,37.6019336761544
3588,37.2715327896263
3589,39.7955825491403
3590,37.8448027522843
3591,46.4272380696106
3592,46.9938664135852
3593,38.6835556176074
3594,38.2928149677272
3595,38.1557221202163
3596,37.200728582062
3597,38.018718007916
3598,38.018718007916
3599,37.6279773580358
3600,37.5463585534953
3601,38.4482194269613
3602,38.0131211238696
3603,38.0131211238696
3604,39.4463072673592
3605,39.7137626084871
3606,39.7137626084871
3607,39.4463072673592
3608,39.4463072673592
3609,39.4463072673592
3610,38.8594433117019
3611,38.8594433117019
3612,38.4687026618217
3613,38.4687026618217
3614,38.2309924859131
3615,38.3517738723762
3616,38.7425145222564
3617,38.7425145222564
3618,38.3339675953021
3619,38.3339675953021
3620,44.8781743601807
3621,36.163315375564
3622,35.8426861911593
3623,36.5008821821674
3624,37.0631598728268
3625,37.3306152139547
3626,36.0855552672892
3627,36.4762959171694
3628,36.0855552672892
3629,35.6875618991053
3630,37.5986757716368
3631,36.359367127724
3632,41.7591983313265
3633,42.6590428285893
3634,44.4136993196681
3635,44.0229586697879
3636,42.0721788729319
3637,42.8420996859903
3638,42.9599418634969
3639,42.9599418634969
3640,42.9599418634969
3641,41.6642860665201
3642,41.6642860665201
3643,41.6642860665201
3644,43.4151624107745
3645,43.9338661744433
3646,43.4925296742518
3647,43.4925296742518
3648,42.8343336832437
3649,42.2474697275864
3650,42.6382103774665
3651,45.7591199402764
3652,42.9479419462279
3653,43.2153972873558
3654,39.420165065643
3655,40.0783610566511
3656,39.7602827224305
3657,42.788736929149
